{
    "motor_can_id": 13,
    "max_angle_time": 1.5135993957519531,
    "min_angle_time": -1.513282299041748,
    "total_range_time": 3.026881694793701,
    "calibration_date": "2025-10-20 15:18:12",
    "notes": "Angles approximated by jog duration. Positive = forward, Negative = reverse."
}