{
  "generation": 3,
  "id": 0,
  "fitness": 0.478344,
  "correctness": 0.250000,
  "speed": 1.000000,
  "creativity": 0.522296,
  "genes": [-0.204392, -0.603516, -0.331407, 0.648903, 0.625844, 0.432280, 0.573182, -0.996658, 0.729467, 0.348964, 0.863236, -0.155289, 0.594808, -2.223406, 1.514863, 0.496714, 0.292519, -0.414865, -0.193103, 0.707625, 1.506389, 1.879791, 0.971423, 0.188799, 0.262424, 1.230572, 0.452118, -0.348818, 0.494041, -1.253110, -0.852785, -0.009484, 0.742743, -1.088181, 0.147926, -1.100643, -0.399215, -0.010746, 1.376801, -1.114503, -0.635496, -0.018980, 1.017826, 1.200259, 0.627799, -1.080462, 0.667663, -0.540750, -0.459780, 0.953441, 0.295590, 0.438939, 1.131972, 1.206179, 0.119910],
  "sigmas": [0.150000, 0.150000, 0.150000, 0.150000, 0.150000, 0.150000, 0.150000, 0.150000, 0.150000, 0.150000, 0.150000, 0.150000, 0.150000, 0.150000, 0.150000, 0.150000, 0.150000, 0.150000, 0.150000, 0.150000, 0.150000, 0.150000, 0.150000, 0.150000, 0.150000, 0.150000, 0.150000, 0.150000, 0.150000, 0.150000, 0.150000, 0.150000, 0.150000, 0.150000, 0.150000, 0.150000, 0.150000, 0.150000, 0.150000, 0.150000, 0.150000, 0.150000, 0.150000, 0.150000, 0.150000, 0.150000, 0.150000, 0.150000, 0.150000, 0.150000, 0.150000, 0.150000, 0.150000, 0.150000, 0.150000]
}